{
    "map": [
        [
            0, 
            0
        ], 
        [
            1, 
            0
        ], 
        [
            2, 
            0.5
        ], 
        [
            1, 
            1
        ], 
        [
            0.5, 
            1.5
        ], 
        [
            0, 
            1
        ], 
        [
            0, 
            0
        ]
    ], 
    "measurements": [
        [
            0.7427767767819895, 
            0.0179127126004327, 
            0.5887605118838848, 
            0.5450984037456021
        ], 
        [
            0.8782448674426484, 
            0.8314697135251163, 
            0.9902129484050106, 
            0.7643397513105599
        ], 
        [
            0.8535946679724346, 
            0.6355644136830207, 
            0.05605682629328668, 
            1.0634254438768482
        ], 
        [
            0.41699067660543016, 
            0.24131236971286352, 
            0.635991081716051, 
            0.9262960371632885
        ], 
        [
            0.46566976744622557, 
            0.38220601055660886, 
            0.4997344855882949, 
            1.61639386945423
        ], 
        [
            0.7067408664272107, 
            0.5315288453242267, 
            1.0189060008799486, 
            0.8428207704963423
        ], 
        [
            0.9646313674461866, 
            0.47498300927895576, 
            0.2571126466529623, 
            0.9690269346534905
        ], 
        [
            0.6450568188446997, 
            0.22321027515771824, 
            0.5939823450908102, 
            1.2253567872012796
        ], 
        [
            0.8184723682266981, 
            0.4888501993116581, 
            0.6645996229393816, 
            1.0823873875978354
        ], 
        [
            0.8699997758136887, 
            0.6997065993553002, 
            0.49567568302007303, 
            0.6845497856262885
        ], 
        [
            0.7583624773008447, 
            0.724928511306666, 
            0.857692222604514, 
            0.7827303476697823
        ], 
        [
            0.532437716718555, 
            0.3871317485025106, 
            0.5741019324803586, 
            1.037061650227751
        ], 
        [
            0.8930901070063668, 
            0.849704825314603, 
            0.8197278993741781, 
            0.8172053546029586
        ], 
        [
            0.4613653678949036, 
            0.6257381363231441, 
            1.349982414815071, 
            1.0849265290906316
        ], 
        [
            0.2853852444206735, 
            0.6776825190992323, 
            1.0535993281723288, 
            0.8640328124188047
        ], 
        [
            0.465214282242968, 
            -0.10657658922201853, 
            1.105224289942476, 
            1.1462703660174953
        ], 
        [
            0.49454022817184196, 
            0.04018760930649258, 
            0.9344817443305881, 
            0.505756557046757
        ], 
        [
            0.8258039938816444, 
            0.43307204834150226, 
            1.254438652695941, 
            1.5231451884849179
        ], 
        [
            0.30473451020424047, 
            -0.346229184232799, 
            0.4210039201543503, 
            0.8824934763966791
        ], 
        [
            0.49050270764831927, 
            0.09920440083849022, 
            -0.0445935621909872, 
            0.9642427012561248
        ], 
        [
            0.9720027940055438, 
            -0.05040600134553147, 
            0.8718907922925923, 
            1.3871172011105646
        ], 
        [
            0.3612750677985822, 
            0.4905883492515783, 
            0.3883227852991058, 
            1.3933939294556685
        ], 
        [
            0.15127037938426835, 
            0.27302887962170497, 
            0.16777881772887324, 
            1.1694340360972084
        ], 
        [
            0.16684425328711502, 
            0.5220887634146553, 
            -0.09670314590419693, 
            0.9974682037259637
        ], 
        [
            0.23731312579802083, 
            -0.0860817733877342, 
            0.2680444929861123, 
            1.3843601041264586
        ], 
        [
            0.10610695476328563, 
            0.004410712588629032, 
            0.402634993804519, 
            1.7070820726132208
        ], 
        [
            0.2523899646586488, 
            0.046658619529365605, 
            0.41854600772072426, 
            1.31121534150939
        ], 
        [
            1.2290742592079842, 
            0.11802820312080473, 
            0.4938829988574083, 
            0.5311286341894441
        ], 
        [
            1.5144626683636602, 
            0.32273586728287706, 
            0.03214884365169529, 
            -0.15481817737052694
        ], 
        [
            0.22037304972316163, 
            -0.09903919587059323, 
            0.3065828400654341, 
            0.5749895408589913
        ], 
        [
            1.1924245021693913, 
            -0.0015316779260198254, 
            0.3785746149903567, 
            0.8418145316560496
        ], 
        [
            0.5566436268142315, 
            0.645860962211829, 
            0.4320211667060015, 
            1.157150096212683
        ], 
        [
            0.3281383499872655, 
            0.24691474760754994, 
            0.456707163335646, 
            0.7789798325587212
        ], 
        [
            0.31356108381704767, 
            -0.0015889189817940297, 
            -0.16005379342867715, 
            1.5122595682552478
        ], 
        [
            0.7639400859333415, 
            0.2853734061625508, 
            -0.009333953001367579, 
            1.8384808396597774
        ], 
        [
            0.5350349198253153, 
            0.5464568691176507, 
            0.20950425812453333, 
            1.2185434291469277
        ], 
        [
            0.09459998178268425, 
            0.4882637693709213, 
            0.6125816860539476, 
            1.7134690436234248
        ], 
        [
            0.6337823481145073, 
            0.4432141986953613, 
            0.632074113236229, 
            1.644587769859923
        ]
    ],