{
    "map": [
        [
            0, 
            0
        ], 
        [
            1, 
            0
        ], 
        [
            2, 
            0.5
        ], 
        [
            1, 
            1
        ], 
        [
            0.5, 
            1.5
        ], 
        [
            0, 
            1
        ], 
        [
            0, 
            0
        ]
    ], 
    "measurements": [
        [
            0.9478079360946896, 
            0.3548113856452659, 
            0.27827435083284835, 
            0.321643376813596
        ], 
        [
            0.654100135084239, 
            0.7140298455195194, 
            0.6556403936212141, 
            0.5585515641826985
        ], 
        [
            0.7050573081244242, 
            0.44009522252057026, 
            0.4868010409981124, 
            0.8857089060876848
        ], 
        [
            0.8269265314931968, 
            0.57764893460754, 
            0.5625262498947508, 
            1.100190533600091
        ], 
        [
            0.4909850483700776, 
            0.5894288578031636, 
            0.5034472231493763, 
            1.498484935652294
        ], 
        [
            0.6299444463240076, 
            0.4702113988369775, 
            0.778823186105861, 
            0.7321234664642859
        ], 
        [
            0.5674246764045647, 
            0.7337275575489635, 
            0.8835133466983954, 
            1.458664380034069
        ], 
        [
            0.48248184686490564, 
            0.42879317719213905, 
            0.8172944692640255, 
            1.1152128390841585
        ], 
        [
            0.6224161530252067, 
            0.6986118890196764, 
            0.8177110176411937, 
            0.7592416626975026
        ], 
        [
            0.46309722341577036, 
            0.5753314616703897, 
            0.5588679725396096, 
            0.7943250891489163
        ], 
        [
            0.7053173704866813, 
            0.7646255364289696, 
            0.6196298442610447, 
            0.5530596187460765
        ], 
        [
            1.1083285242815777, 
            0.7320836562647438, 
            0.4845741023826302, 
            0.7043065169283947
        ], 
        [
            0.6572271963944707, 
            0.6925483904025609, 
            0.7533240828131932, 
            0.6129807541622224
        ], 
        [
            0.45550529063620626, 
            0.7788516466232929, 
            1.056912388001242, 
            0.7645691982335431
        ], 
        [
            0.3146869191102291, 
            0.532892574036316, 
            1.1478846120258328, 
            0.7027898836391634
        ], 
        [
            0.499286361304652, 
            0.22373862087353516, 
            1.108525668727783, 
            0.8171769645087722
        ], 
        [
            0.6729816162866087, 
            0.08202131545518625, 
            0.9621253762840469, 
            0.7353620984435112
        ], 
        [
            0.36653259886249057, 
            0.18919198197239784, 
            1.021453923180693, 
            0.75471966485453
        ], 
        [
            0.5680388602027224, 
            0.055896906520208456, 
            0.23036053523335662, 
            1.502481842334281
        ], 
        [
            0.6267269315566217, 
            0.018016765953271174, 
            0.13369623206597978, 
            1.2585907032057713
        ], 
        [
            0.583920304043739, 
            0.3912335141846044, 
            0.5319978167875801, 
            1.306839181262014
        ], 
        [
            0.3947238975178544, 
            0.9163016441141729, 
            0.6112969581165445, 
            1.131673229982859
        ], 
        [
            0.13744083333480037, 
            0.3614380678399082, 
            0.07972252420414136, 
            1.0936018749007475
        ], 
        [
            0.2277872159965083, 
            0.18904363577193312, 
            0.35689975373484395, 
            1.372462835665991
        ], 
        [
            0.21723283909309032, 
            0.3773793679783948, 
            0.723689325146727, 
            1.4084506810317439
        ], 
        [
            0.27118288718282235, 
            0.0989471865496046, 
            0.4659534110553274, 
            1.4088924928878546
        ], 
        [
            0.5444706966693645, 
            0.05003046936210548, 
            0.5885385678122408, 
            1.4024980197201211
        ], 
        [
            1.1229413840073568, 
            0.20081668417567022, 
            0.5841934039389042, 
            0.6934673929591972
        ], 
        [
            1.391130329036684, 
            0.005104639684561818, 
            0.3298126753641595, 
            0.11258408954069646
        ], 
        [
            0.9341058689623163, 
            0.21335630067307312, 
            0.48969120946020817, 
            0.2389308621659257
        ], 
        [
            0.6446913927617242, 
            0.37095324726843437, 
            0.4877603367119012, 
            0.7695755314267461
        ], 
        [
            0.687021965983489, 
            0.4314157816509072, 
            0.42647839383446556, 
            0.8725704365183276
        ], 
        [
            0.5096581047820696, 
            0.4111231107965245, 
            0.2959010270410709, 
            1.1781449324410915
        ], 
        [
            0.5189653969053635, 
            0.2625946104886459, 
            0.329586147585819, 
            1.4291850824617678
        ], 
        [
            0.698108165533872, 
            0.2192335474510975, 
            0.2656761022067519, 
            1.3305397556604222
        ], 
        [
            0.11076020921161386, 
            0.22715350069810383, 
            0.08804113947235848, 
            1.3334894436322862
        ], 
        [
            0.4840699995635225, 
            0.3968257970368444, 
            0.5166173563616014, 
            1.6352095901306578
        ], 
        [
            0.7671702947479587, 
            0.4502638949162311, 
            0.5549728613625426, 
            1.0435787972892756
        ]
    ],